t,vehicle_id,speed_now,speed_ref,yaw_now,yaw_ref,yaw_err_deg,steer,accel,traj_x,traj_y,s,gap,desired_gap,throttle,brake
0.1,vehicle_0,0.0,3.0,0.005689576268196106,-0.005692000035196543,-0.6521162863905078,0.5078760981559753,1.5,45.119998931884766,170.5399932861328,24.972999572753906,0.0,10.0,0.43814370036125183,0.0
0.2,vehicle_0,0.0006539917085319757,3.0,0.005689576268196106,-0.005692000035196543,-0.6521162863905078,0.5078760981559753,1.4999994039535522,45.119998931884766,170.5399932861328,24.972999572753906,0.0,10.0,0.43815407156944275,0.0
0.1,vehicle_1,0.0,3.0,0.005689576268196106,-0.005692000035196543,-0.6521162863905078,0.31936347484588623,-3.0,35.119998931884766,170.5399932861328,14.972999572753906,5.099999904632568,10.0,0.0,0.6000000238418579
0.1,vehicle_2,0.0,3.0,0.005689576268196106,-0.005692000035196543,-0.6521162863905078,0.16226963698863983,-3.0,25.119998931884766,170.5399932861328,4.9730000495910645,5.099999904632568,10.0,0.0,0.6000000238418579
0.30000000000000004,vehicle_0,0.0019504737574607134,3.0,0.005689576268196106,-0.005692000035196543,-0.6521162863905078,0.5078760981559753,1.4999988079071045,45.119998931884766,170.5399932861328,24.972999572753906,0.0,10.0,0.4381742775440216,0.0
0.2,vehicle_1,0.0018622302450239658,3.0,0.005689576268196106,-0.005692000035196543,-0.6521162863905078,0.31936347484588623,-3.0,35.119998931884766,170.5399932861328,14.972999572753906,5.099999904632568,10.0,0.0,0.6000000238418579
0.2,vehicle_2,0.0017249775119125843,3.0,0.005689576268196106,-0.005692000035196543,-0.6521162863905078,0.16226963698863983,-3.0,25.119998931884766,170.5399932861328,4.9730000495910645,5.099999904632568,10.0,0.0,0.6000000238418579
0.4,vehicle_0,0.0006260108784772456,3.0,0.005689576268196106,-0.005692000035196543,-0.6521162863905078,0.5078760981559753,1.5,45.119998931884766,170.5399932861328,24.972999572753906,0.0,10.0,0.43815329670906067,0.0
0.30000000000000004,vehicle_1,0.0003114795545116067,3.0,0.005689576268196106,-0.005692000035196543,-0.6521162863905078,0.31936347484588623,-3.0,35.119998931884766,170.5399932861328,14.972999572753906,5.099999904632568,10.0,0.0,0.6000000238418579
0.30000000000000004,vehicle_2,0.00013078698248136789,3.0,0.005689576268196106,-0.005692000035196543,-0.6521162863905078,0.16226963698863983,-3.0,25.119998931884766,170.5399932861328,4.9730000495910645,5.099999904632568,10.0,0.0,0.6000000238418579
0.5,vehicle_0,1.0764658451080322,3.0,-0.03525787591934204,-0.005692000035196543,1.6939999057691584,0.0622422955930233,1.499999761581421,45.43244552612305,170.47862243652344,25.472999572753906,0.0,10.0,0.591303825378418,0.0
0.4,vehicle_1,2.628328002174385e-05,3.0,0.005689576268196106,-0.005692000035196543,-0.6521162863905078,0.31936347484588623,-1.3542736768722534,35.119998931884766,170.5399932861328,14.972999572753906,5.599999904632568,10.0,0.0,0.27085474133491516
0.4,vehicle_2,1.7462078176322393e-05,3.0,0.005689576268196106,-0.005692000035196543,-0.6521162863905078,0.16226963698863983,-3.0,25.119998931884766,170.5399932861328,4.9730000495910645,5.099999904632568,10.0,0.0,0.6000000238418579
0.6000000000000001,vehicle_0,2.078774929046631,3.0,-0.03572221100330353,-0.005692000035196543,1.7206043463600043,-0.033559732139110565,1.5,46.39762496948242,170.4407958984375,26.472999572753906,0.0,10.0,0.5949049592018127,0.0
0.5,vehicle_1,3.672071670735022e-06,3.0,0.005689576268196106,-0.005692000035196543,-0.6521162863905078,0.31936347484588623,0.4078320860862732,35.119998931884766,170.5399932861328,14.972999572753906,6.599999904632568,10.0,0.3200000524520874,0.0
0.5,vehicle_2,2.87149305222556e-06,3.0,0.005689576268196106,-0.005692000035196543,-0.6521162863905078,0.16226963698863983,-3.0,25.119998931884766,170.5399932861328,4.9730000495910645,5.099999904632568,10.0,0.0,0.6000000238418579
0.7000000000000001,vehicle_0,3.079329013824463,3.0,-0.023119835183024406,-0.005692000035196543,0.9985414000202918,-0.01076365914195776,-0.3966448903083801,48.00687789916992,170.4130859375,27.812999725341797,0.0,10.0,0.0,0.0793289765715599
0.6000000000000001,vehicle_1,1.5641227264495683e-06,3.0,0.005689576268196106,-0.005692000035196543,-0.6521162863905078,0.31936347484588623,1.5,35.119998931884766,170.5399932861328,14.972999572753906,8.4399995803833,10.0,0.43814370036125183,0.0
0.6000000000000001,vehicle_2,2.06065578822745e-06,3.0,0.005689576268196106,-0.005692000035196543,-0.6521162863905078,0.16226963698863983,-3.0,25.119998931884766,170.5399932861328,4.9730000495910645,5.099999904632568,10.0,0.0,0.6000000238418579
0.8,vehicle_0,3.025202512741089,3.0,-0.01395636610686779,-0.005692000035196543,0.4735132962578741,0.012298941612243652,-0.1260126829147339,49.69830322265625,170.3936309814453,29.812999725341797,0.0,10.0,0.0,0.025202536955475807
0.7000000000000001,vehicle_1,1.0658167600631714,3.0,-0.021130727604031563,-0.005692000035196543,0.8845739307465168,0.05546853318810463,1.5,35.46887969970703,170.49876403808594,15.472999572753906,9.9399995803833,10.0,0.5911082625389099,0.0
0.7000000000000001,vehicle_2,1.2156409638919285e-06,3.0,0.005689576268196106,-0.005692000035196543,-0.6521162863905078,0.16226963698863983,-1.1708134412765503,25.119998931884766,170.5399932861328,4.9730000495910645,5.599999904632568,10.0,0.0,0.23416270315647125
0.9,vehicle_0,3.009434461593628,3.0,-0.011806098744273186,-0.005692000035196543,0.3503120515564766,-0.001085170777514577,-0.04717240482568741,51.67778015136719,170.37130737304688,31.312999725341797,0.0,10.0,0.0,0.0
0.8,vehicle_1,2.241478443145752,3.0,-0.019669130444526672,-0.005692000035196543,0.8008305821585772,-0.013883596286177635,1.309149146080017,36.626285552978516,170.47372436523438,16.472999572753906,10.9399995803833,10.0,0.5638912916183472,0.0
0.8,vehicle_2,1.8547572153693181e-06,3.0,0.005689576268196106,-0.005692000035196543,-0.6521162863905078,0.16226963698863983,0.9085505604743958,25.119998931884766,170.5399932861328,4.9730000495910645,7.099999904632568,10.0,0.3836734890937805,0.0
1.0,vehicle_0,2.859567642211914,3.0,-0.007304190192371607,-0.005692000035196543,0.092371691778664,0.019203022122383118,0.7021608352661133,53.367279052734375,170.36083984375,33.3129997253418,0.0,10.0,0.4970698952674866,0.0
0.9,vehicle_1,3.0349926948547363,3.0,-0.014376447536051273,-0.005692000035196543,0.49758218920191144,-0.010147797875106335,0.6472544074058533,38.247657775878906,170.45399475097656,17.972999572753906,10.9399995803833,10.0,0.49236541986465454,0.0
0.9,vehicle_2,9.255101645067043e-07,3.0,0.005689576268196106,-0.005692000035196543,-0.6521162863905078,0.16226963698863983,1.5,25.119998931884766,170.5399932861328,4.9730000495910645,9.100000381469727,10.0,0.43814370036125183,0.0
1.1,vehicle_0,2.858537435531616,3.0,-0.009076469577848911,-0.005692000035196543,0.19391582068455268,-0.01417299173772335,0.7073124051094055,55.35110092163086,170.3424530029297,35.3129997253418,0.0,10.0,0.4975881278514862,0.0
1.0,vehicle_1,2.485100507736206,3.0,-0.009495486505329609,-0.005692000035196543,0.21792372217373593,-0.003526421496644616,1.271830677986145,40.3106803894043,170.4354248046875,19.972999572753906,10.9399995803833,10.0,0.5544723272323608,0.0
1.0,vehicle_2,1.309930682182312,3.0,-0.008852705359458923,-0.005692000035196543,0.18109507536476271,0.004826205782592297,1.4381641149520874,25.596139907836914,170.5177764892578,5.4730000495910645,10.100000381469727,10.0,0.5856165289878845,0.0
1.2000000000000002,vehicle_0,2.7171645164489746,3.0,-0.0070488634519279,-0.005692000035196543,0.07774254715440738,0.004105250351130962,1.4141751527786255,57.05525588989258,170.33364868164062,36.8129997253418,0.0,10.0,0.5667427182197571,0.0
1.1,vehicle_1,3.0039494037628174,3.0,-0.008360402658581734,-0.005692000035196543,0.15288820836160838,-0.010243563912808895,0.2867836058139801,41.949302673339844,170.4227294921875,21.972999572753906,10.4399995803833,10.0,0.4563882648944855,0.0
1.1,vehicle_2,2.279639482498169,3.0,-0.0070612127892673016,-0.005692000035196543,0.07845011206373842,-0.0034967721439898014,1.3048993349075317,26.653703689575195,170.51123046875,6.4730000495910645,10.600000381469727,10.0,0.5623314380645752,0.0
1.3,vehicle_0,2.716913938522339,3.0,-0.006932656746357679,-0.005692000035196543,0.07108439337411435,-0.004935253411531448,1.415427803993225,59.03922653198242,170.32020568847656,38.8129997253418,0.0,10.0,0.5668666362762451,0.0
1.2000000000000002,vehicle_1,2.7738261222839355,3.0,-0.006604402791708708,-0.005692000035196543,0.05227682716424955,-0.0005322303622961044,0.7010311484336853,43.817317962646484,170.4104461669922,23.472999572753906,10.9399995803833,10.0,0.49663713574409485,0.0
1.2000000000000002,vehicle_2,2.9907963275909424,3.0,-0.0077923438511788845,-0.005692000035196543,0.1203408361821902,0.0033805302809923887,-0.17446279525756836,28.659048080444336,170.495361328125,8.472999572753906,10.600000381469727,10.0,0.0,0.03489255905151367
1.4000000000000001,vehicle_0,2.645083427429199,3.0,-0.007297159638255835,-0.005692000035196543,0.09196887070019193,-0.010569079779088497,1.5,60.75286102294922,170.31056213378906,40.8129997253418,0.0,10.0,0.5758328437805176,0.0
1.3,vehicle_1,2.8218014240264893,3.0,-0.006794152315706015,-0.005692000035196543,0.06314867405391156,-0.0094870924949646,0.17372989654541016,45.3895263671875,170.40000915527344,25.472999572753906,10.4399995803833,10.0,0.44161751866340637,0.0
1.3,vehicle_2,2.657132625579834,3.0,-0.005198880098760128,-0.005692000035196543,-0.028253691151565986,-0.0008833299507386982,1.0834388732910156,30.212127685546875,170.48794555664062,9.972999572753906,11.100000381469727,10.0,0.5345838069915771,0.0
1.5,vehicle_0,2.6744728088378906,3.0,-0.007250580471009016,-0.005692000035196543,0.08930008100371523,-0.007120280526578426,1.5,62.47282028198242,170.3004608154297,42.3129997253418,0.0,10.0,0.5755257606506348,0.0
1.4000000000000001,vehicle_1,3.0606977939605713,3.0,-0.005292436107993126,-0.005692000035196543,-0.022893326674428248,0.017544355243444443,-0.30970489978790283,47.54923629760742,170.38783264160156,27.812999725341797,10.100000381469727,10.0,0.0,0.06194097921252251
1.4000000000000001,vehicle_2,3.450662136077881,3.0,-0.004934479016810656,-0.005692000035196543,-0.043402757245963375,0.022653860971331596,-0.16527746617794037,32.05036163330078,170.47720336914062,11.972999572753906,10.9399995803833,10.0,0.0,0.033055491745471954
1.6,vehicle_0,3.0463759899139404,3.0,-0.007668220903724432,-0.005692000035196543,0.11322911515232599,-0.0076943752355873585,-0.231879323720932,64.20084381103516,170.29269409179688,44.3129997253418,0.0,10.0,0.0,0.04637586697936058
1.5,vehicle_1,2.736107587814331,3.0,-0.005223324988037348,-0.005692000035196543,-0.026853102165316695,-0.00041009264532476664,0.6111642122268677,49.12810134887695,170.3777313232422,28.812999725341797,11.100000381469727,10.0,0.4872298836708069,0.0
1.5,vehicle_2,2.3639309406280518,3.0,-0.004789672326296568,-0.005692000035196543,-0.05169956945767769,-0.0010708405170589685,1.1545437574386597,33.7996826171875,170.466552734375,13.472999572753906,10.9399995803833,10.0,0.5436933040618896,0.0
1.7000000000000002,vehicle_0,3.0803446769714355,3.0,-0.0076834638603031635,-0.005692000035196543,0.11410247223158851,-0.0072770933620631695,-0.4017229378223419,66.17277526855469,170.2801971435547,45.8129997253418,0.0,10.0,0.0,0.08034458756446838
1.6,vehicle_1,3.2051780223846436,3.0,-0.005304509308189154,-0.005692000035196543,-0.022201583257979336,-0.004875608719885349,0.13900704681873322,50.92552185058594,170.3673553466797,30.812999725341797,10.600000381469727,10.0,0.4338590204715729,0.0
1.6,vehicle_2,3.210785150527954,3.0,-0.0067592705599963665,-0.005692000035196543,0.061150096669742374,0.0033398668747395277,0.6256198287010193,35.702693939208984,170.4529266357422,15.472999572753906,10.9399995803833,10.0,0.49121788144111633,0.0
1.8,vehicle_0,3.0448803901672363,3.0,-0.007858935743570328,-0.005692000035196543,0.12415627056600924,-0.013672486878931522,-0.22440147399902344,67.92223358154297,170.26962280273438,47.8129997253418,0.0,10.0,0.0,0.04488029330968857
1.7000000000000002,vehicle_1,2.782350540161133,3.0,-0.005015273578464985,-0.005692000035196543,-0.03877356985556078,-0.007477745413780212,0.6476598381996155,52.73129653930664,170.35696411132812,32.8129997253418,10.600000381469727,10.0,0.49119672179222107,0.0
1.7000000000000002,vehicle_2,2.9194161891937256,3.0,-0.006225683260709047,-0.005692000035196543,0.03057779641879506,0.00390203227289021,0.6218161582946777,37.65109634399414,170.44223022460938,17.472999572753906,10.9399995803833,10.0,0.48923301696777344,0.0
1.9000000000000001,vehicle_0,2.829698324203491,3.0,-0.006894850172102451,-0.005692000035196543,0.06891823623144182,-0.004889662377536297,0.8515073657035828,69.59232330322266,170.2598419189453,49.3129997253418,0.0,10.0,0.5117441415786743,0.0
1.8,vehicle_1,2.7345945835113525,3.0,-0.004457028582692146,-0.005692000035196543,-0.07075865204764292,0.02337917685508728,0.8007596135139465,54.72617721557617,170.34706115722656,34.8129997253418,10.600000381469727,10.0,0.506568193435669,0.0
1.8,vehicle_2,2.9730992317199707,3.0,-0.007475377060472965,-0.005692000035196543,0.10217997682893454,-0.013078853487968445,0.08741790056228638,39.46623229980469,170.4296875,19.472999572753906,10.4399995803833,10.0,0.41210106015205383,0.0
2.0,vehicle_0,2.617724895477295,3.0,-0.007323677185922861,-0.005692000035196543,0.09348821426454954,-0.012233673594892025,1.5,71.32844543457031,170.2495880126953,51.3129997253418,0.0,10.0,0.5761271119117737,0.0
1.9000000000000001,vehicle_1,2.6241517066955566,3.0,-0.0049355048686265945,-0.005692000035196543,-0.04334398026650424,-0.00591288460418582,0.6310468316078186,56.44560241699219,170.336181640625,36.3129997253418,10.600000381469727,10.0,0.4887979328632355,0.0
1.9000000000000001,vehicle_2,2.8598148822784424,3.0,-0.006265741772949696,-0.005692000035196543,0.032872980103757346,0.003689974080771208,0.2610694468021393,41.25880432128906,170.42161560058594,20.972999572753906,10.9399995803833,10.0,0.4521682858467102,0.0
2.1,vehicle_0,2.6353821754455566,3.0,-0.006297224201261997,-0.005692000035196543,0.0346767903748754,-0.008968251757323742,1.5,73.3427734375,170.238525390625,53.3129997253418,0.0,10.0,0.5759362578392029,0.0
2.0,vehicle_1,2.937096357345581,3.0,-0.004728961735963821,-0.005692000035196543,-0.0551780300554918,0.0006553663406521082,-0.014184323139488697,58.0608024597168,170.3274383544922,37.8129997253418,10.600000381469727,10.0,0.0,0.0
2.0,vehicle_2,2.9136781692504883,3.0,-0.006796591449528933,-0.005692000035196543,0.06328842612763237,-0.006165817379951477,0.15597344934940338,43.1475715637207,170.40975952148438,22.972999572753906,10.4399995803833,10.0,0.43593019247055054,0.0
2.2,vehicle_0,3.058845043182373,3.0,-0.0069878664799034595,-0.005692000035196543,0.07424767809432939,-0.012785360217094421,-0.294224351644516,75.0406265258789,170.22848510742188,55.00299835205078,0.0,10.0,0.0,0.05884486809372902
2.1,vehicle_1,2.9417591094970703,3.0,-0.004602564498782158,-0.005692000035196543,-0.062420058288115164,-0.0035343491472303867,0.09283957630395889,59.76206588745117,170.31732177734375,39.8129997253418,10.289999961853027,10.0,0.4136020839214325,0.0
2.1,vehicle_2,2.912774085998535,3.0,-0.006342999637126923,-0.005692000035196543,0.037299529655307403,-0.0040593999437987804,0.4749084413051605,44.89027786254883,170.40103149414062,24.972999572753906,10.4399995803833,10.0,0.474422812461853,0.0
2.3000000000000003,vehicle_0,3.0096242427825928,3.0,-0.006256106309592724,-0.005692000035196543,0.03232090871974991,-0.0039028192404657602,-0.04812164232134819,76.71768188476562,170.21920776367188,56.50299835205078,0.0,10.0,0.0,0.0
2.2,vehicle_1,3.2122795581817627,3.0,-0.004680784419178963,-0.005692000035196543,-0.057938386975528985,0.023273957893252373,-0.20989567041397095,61.93258285522461,170.30653381347656,41.8129997253418,10.289999961853027,10.0,0.0,0.04197913408279419
2.2,vehicle_2,3.4330759048461914,3.0,-0.006982389837503433,-0.005692000035196543,0.07393388959890548,-0.007266050670295954,0.29417648911476135,46.79923629760742,170.3888702392578,26.472999572753906,10.9399995803833,10.0,0.46253538131713867,0.0
2.4000000000000004,vehicle_0,2.8588857650756836,3.0,-0.006575894076377153,-0.005692000035196543,0.05064339809641157,-0.012110472656786442,0.7055699825286865,78.40702056884766,170.20864868164062,58.50299835205078,0.0,10.0,0.4974128305912018,0.0
2.3000000000000003,vehicle_1,2.4024581909179688,3.0,-0.004946417640894651,-0.005692000035196543,-0.04271872447275717,0.00511915935203433,1.2697327136993408,63.57947540283203,170.29942321777344,43.3129997253418,10.789999961853027,10.0,0.5556526780128479,0.0
2.3000000000000003,vehicle_2,2.370009660720825,3.0,-0.006336031947284937,-0.005692000035196543,0.03690031043440545,-0.004558797925710678,0.5251625776290894,48.65797805786133,170.37841796875,28.312999725341797,10.600000381469727,10.0,0.47563228011131287,0.0
2.5,vehicle_0,2.858776330947876,3.0,-0.006219153292477131,-0.005692000035196543,0.030203656798751737,-0.011894116178154945,0.7061179280281067,80.39110565185547,170.19805908203125,60.50299835205078,0.0,10.0,0.497467964887619,0.0
2.4000000000000004,vehicle_1,3.0383248329162598,3.0,-0.007495764642953873,-0.005692000035196543,0.1033480992595654,0.0034434283152222633,0.547558069229126,65.50486755371094,170.28472900390625,45.3129997253418,10.789999961853027,10.0,0.482532799243927,0.0
2.4000000000000004,vehicle_2,2.559831380844116,3.0,-0.006803104188293219,-0.005692000035196543,0.0636615785718972,-0.01085811946541071,1.0266586542129517,50.228328704833984,170.36956787109375,30.312999725341797,10.600000381469727,10.0,0.5290942192077637,0.0
2.6,vehicle_0,2.7170393466949463,3.0,-0.005891543347388506,-0.005692000035196543,0.011432989618660875,-0.006534192711114883,1.4148013591766357,82.09510803222656,170.1881866455078,62.00299835205078,0.0,10.0,0.5668046474456787,0.0
2.5,vehicle_1,2.5765573978424072,3.0,-0.005013465415686369,-0.005692000035196543,-0.038877169951448125,0.021197166293859482,0.6762160062789917,67.24010467529297,170.2772979736328,47.3129997253418,10.289999961853027,10.0,0.49338001012802124,0.0
2.5,vehicle_2,2.8989429473876953,3.0,-0.006832086481153965,-0.005692000035196543,0.06532214163343011,-0.007078615948557854,0.045722845941782,51.97998809814453,170.3595428466797,31.812999725341797,10.600000381469727,10.0,0.3679698705673218,0.0
2.7,vehicle_0,2.6371519565582275,3.0,-0.006216397043317556,-0.005692000035196543,0.030045735354621638,-0.004533366300165653,1.5,83.81117248535156,170.17837524414062,63.50299835205078,0.0,10.0,0.5759173035621643,0.0
2.6,vehicle_1,2.7359392642974854,3.0,-0.005124358460307121,-0.005692000035196543,-0.0325234665173231,0.021675288677215576,0.3255031704902649,68.88441467285156,170.26695251464844,48.8129997253418,10.289999961853027,10.0,0.45752447843551636,0.0
2.6,vehicle_2,2.928112745285034,3.0,-0.0071672736667096615,-0.005692000035196543,0.08452695271263991,-0.012786833569407463,0.1721973717212677,53.89569091796875,170.3486328125,33.8129997253418,10.600000381469727,10.0,0.44187989830970764,0.0
2.8000000000000003,vehicle_0,2.637354612350464,3.0,-0.005290118977427483,-0.005692000035196543,-0.02302608847642037,-0.0004779216833412647,1.5,85.79515075683594,170.16798400878906,65.50299835205078,0.0,10.0,0.5759151577949524,0.0
2.7,vehicle_1,2.96632981300354,3.0,-0.004720574710518122,-0.005692000035196543,-0.05565857121619922,0.00010845548968063667,0.22341452538967133,70.58997344970703,170.25704956054688,50.3129997253418,10.789999961853027,10.0,0.44961607456207275,0.0
2.7,vehicle_2,3.2174668312072754,3.0,-0.006322250235825777,-0.005692000035196543,0.03611067653332851,-0.010846534743905067,-0.41033998131752014,55.77387237548828,170.3381805419922,35.8129997253418,10.100000381469727,10.0,0.0,0.08206799626350403
2.9000000000000004,vehicle_0,2.6730315685272217,3.0,-0.005920869763940573,-0.005692000035196543,0.013113269515336904,-0.008815011009573936,1.5,87.51504516601562,170.1578826904297,67.50299835205078,0.0,10.0,0.5755406022071838,0.0
2.8000000000000003,vehicle_1,3.001880407333374,3.0,-0.006916811224073172,-0.005692000035196543,0.07017651182303156,0.0029063322581350803,0.18301798403263092,72.6294174194336,170.24256896972656,52.3129997253418,10.789999961853027,10.0,0.44603633880615234,0.0
2.8000000000000003,vehicle_2,2.8981716632843018,3.0,-0.006434265989810228,-0.005692000035196543,0.0425287064756133,-0.005860778968781233,0.3493488132953644,57.48177719116211,170.32913208007812,37.3129997253418,10.600000381469727,10.0,0.4615689516067505,0.0
3.0,vehicle_0,2.6733217239379883,3.0,-0.004887624178081751,-0.005692000035196543,-0.046087341754895726,-0.004221618641167879,1.5,89.49898529052734,170.1474609375,69.50299835205078,0.0,10.0,0.5755376219749451,0.0
2.9000000000000004,vehicle_1,3.043206214904785,3.0,-0.00446323910728097,-0.005692000035196543,-0.07040281520014112,0.01843794621527195,-0.3965582251548767,74.37088775634766,170.23562622070312,54.50299835205078,10.100000381469727,10.0,0.0,0.07931164652109146
2.9000000000000004,vehicle_2,2.9598214626312256,3.0,-0.005079146008938551,-0.005692000035196543,-0.03511394916218266,0.0007343364413827658,0.383405476808548,59.6212272644043,170.31787109375,39.3129997253418,10.789999961853027,10.0,0.46558818221092224,0.0
3.1,vehicle_0,2.86332368850708,3.0,-0.004731438122689724,-0.005692000035196543,-0.05503614354765537,0.0014593069208785892,0.6833808422088623,91.20867919921875,170.1379852294922,71.00299835205078,0.0,10.0,0.49518197774887085,0.0
3.0,vehicle_1,2.944990873336792,3.0,-0.004601107444614172,-0.005692000035196543,-0.0625035413424627,0.021728472784161568,0.0759640783071518,76.0976791381836,170.22581481933594,56.00299835205078,10.600000381469727,10.0,0.4076135754585266,0.0
3.0,vehicle_2,2.555288553237915,3.0,-0.0056124781258404255,-0.005692000035196543,-0.004556269784927412,-0.005145712289959192,0.6297295689582825,61.2874870300293,170.3087921142578,41.3129997253418,10.289999961853027,10.0,0.48838135600090027,0.0
3.2,vehicle_0,3.074392318725586,3.0,-0.005903687793761492,-0.005692000035196543,0.012128815140355924,-0.010982220992445946,-0.37196072936058044,92.89652252197266,170.1276397705078,73.00299835205078,0.0,10.0,0.0,0.07439214736223221
3.1,vehicle_1,2.9230430126190186,3.0,-0.007780341897159815,-0.005692000035196543,0.11965317487098744,-0.013435578905045986,0.10089528560638428,78.10223388671875,170.20960998535156,58.00299835205078,10.600000381469727,10.0,0.41624006628990173,0.0
3.1,vehicle_2,3.0489187240600586,3.0,-0.006247519049793482,-0.005692000035196543,0.031828894975670985,-0.006168454885482788,0.4434201121330261,62.97784423828125,170.2986297607422,42.8129997253418,10.789999961853027,10.0,0.47234463691711426,0.0
3.3000000000000003,vehicle_0,3.0081682205200195,3.0,-0.005659671034663916,-0.005692000035196543,-0.0018523152863957233,-0.0058438656851649284,-0.040840454399585724,94.57394409179688,170.11802673339844,74.50299835205078,0.0,10.0,0.0,0.0
3.2,vehicle_1,2.8358583450317383,3.0,-0.006406079977750778,-0.005692000035196543,0.04091376694330197,0.004012564662843943,0.415953129529953,79.81334686279297,170.20188903808594,59.50299835205078,10.600000381469727,10.0,0.4678134620189667,0.0
3.2,vehicle_2,2.6356563568115234,3.0,-0.005983984097838402,-0.005692000035196543,0.016729454474461974,-0.0016713389195501804,0.9125005602836609,64.99993133544922,170.28961181640625,44.8129997253418,10.789999961853027,10.0,0.5175289511680603,0.0
3.4000000000000004,vehicle_0,3.008302688598633,3.0,-0.0053900787606835365,-0.005692000035196543,-0.017298814774806007,-0.005747963674366474,-0.04151301831007004,96.55801391601562,170.10757446289062,76.50299835205078,0.0,10.0,0.0,0.0
3.3000000000000003,vehicle_1,2.8261196613311768,3.0,-0.006586145609617233,-0.005692000035196543,0.05123076768460623,-0.004733760375529528,0.4269865155220032,81.8123779296875,170.18907165527344,61.50299835205078,10.600000381469727,10.0,0.46886956691741943,0.0
3.3000000000000003,vehicle_2,3.0101001262664795,3.0,-0.0060557895340025425,-0.005692000035196543,0.020843602912763288,-0.006355470512062311,0.06062822416424751,66.70975494384766,170.27967834472656,46.8129997253418,10.289999961853027,10.0,0.41608917713165283,0.0
3.5,vehicle_0,2.858863353729248,3.0,-0.005251578986644745,-0.005692000035196543,-0.025234267290744336,-0.0002800344373099506,0.7056822180747986,98.2470703125,170.09823608398438,78.00299835205078,0.0,10.0,0.4974241256713867,0.0
3.4000000000000004,vehicle_1,2.7570736408233643,3.0,-0.007178936619311571,-0.005692000035196543,0.08519519067339044,-0.012682219967246056,0.4248622953891754,83.5202407836914,170.17909240722656,63.50299835205078,10.100000381469727,10.0,0.4681043028831482,0.0
3.4000000000000004,vehicle_2,2.8448548316955566,3.0,-0.005163139197975397,-0.005692000035196543,-0.03030149392252688,0.0014105553273111582,0.1552015095949173,68.5395736694336,170.26876831054688,48.3129997253418,10.289999961853027,10.0,0.4350329339504242,0.0
3.6,vehicle_0,2.8588638305664062,3.0,-0.00502260634675622,-0.005692000035196543,-0.03835343318032566,-9.871215297607705e-05,0.705679714679718,100.23111724853516,170.08790588378906,80.00299835205078,0.0,10.0,0.49742385745048523,0.0
3.5,vehicle_1,2.7356197834014893,3.0,-0.0064634643495082855,-0.005692000035196543,0.04420164925501686,-0.004639956168830395,0.6942398548126221,85.2308578491211,170.1693115234375,65.00299835205078,10.600000381469727,10.0,0.49580249190330505,0.0
3.5,vehicle_2,2.9143550395965576,3.0,-0.005263360682874918,-0.005692000035196543,-0.024559225821250228,-0.0057771047577261925,0.07634787261486053,70.43505859375,170.25692749023438,50.3129997253418,10.289999961853027,10.0,0.4072985053062439,0.0
3.7,vehicle_0,2.7171788215637207,3.0,-0.004937220364809036,-0.005692000035196543,-0.04324568957547952,-0.004583073779940605,1.414103627204895,101.9351806640625,170.07778930664062,82.00299835205078,0.0,10.0,0.5667356252670288,0.0
3.6,vehicle_1,3.0083439350128174,3.0,-0.006313510239124298,-0.005692000035196543,0.0356099116093755,-0.0042953831143677235,-0.10559748858213425,86.96134948730469,170.16064453125,67.00299835205078,10.100000381469727,10.0,0.0,0.02111949771642685
3.6,vehicle_2,3.13032865524292,3.0,-0.004872109275311232,-0.005692000035196543,-0.046976280203202304,0.020137595012784004,-0.19685162603855133,72.27361297607422,170.24664306640625,52.3129997253418,10.289999961853027,10.0,0.0,0.039370324462652206
3.8000000000000003,vehicle_0,2.6373302936553955,3.0,-0.004882188979536295,-0.005692000035196543,-0.046398755692366,0.00016286155732814223,1.5,103.65123748779297,170.06817626953125,83.50299835205078,0.0,10.0,0.5759153962135315,0.0
3.7,vehicle_1,2.6749634742736816,3.0,-0.006254877429455519,-0.005692000035196543,0.03225049907436059,-0.009310023859143257,0.27243027091026306,88.93199920654297,170.1488800048828,69.00299835205078,10.100000381469727,10.0,0.45129677653312683,0.0
3.7,vehicle_2,2.493684768676758,3.0,-0.0050232429057359695,-0.005692000035196543,-0.03831696103737485,-0.006208170671015978,0.34820377826690674,73.85003662109375,170.23683166503906,53.8129997253418,10.289999961853027,10.0,0.457673043012619,0.0
3.9000000000000004,vehicle_0,2.6376595497131348,3.0,-0.00436822883784771,-0.005692000035196543,-0.07584650264906773,0.00025901803746819496,1.5,105.63516998291016,170.05722045898438,85.50299835205078,0.0,10.0,0.5759118795394897,0.0
3.8000000000000003,vehicle_1,2.964974880218506,3.0,-0.0072699179872870445,-0.005692000035196543,0.09040803907271179,-0.013105744495987892,0.10352374613285065,90.59043884277344,170.13870239257812,70.50299835205078,10.600000381469727,10.0,0.4177219569683075,0.0
3.8000000000000003,vehicle_2,3.0484766960144043,3.0,-0.004565957933664322,-0.005692000035196543,-0.06451745997183798,0.0010180460521951318,0.27988162636756897,75.79264068603516,170.2269744873047,55.50299835205078,10.600000381469727,10.0,0.45626792311668396,0.0
4.0,vehicle_0,2.6733553409576416,3.0,-0.004823161289095879,-0.005692000035196543,-0.04978079322900657,0.00037887960206717253,1.5,107.3551254272461,170.04696655273438,87.00299835205078,0.0,10.0,0.5755372643470764,0.0
3.9000000000000004,vehicle_1,2.7730939388275146,3.0,-0.006087758578360081,-0.005692000035196543,0.022675294229516745,0.004452707711607218,0.2306714951992035,92.31354522705078,170.13136291503906,72.00299835205078,10.600000381469727,10.0,0.4480240046977997,0.0
3.9000000000000004,vehicle_2,2.608393430709839,3.0,-0.004859543405473232,-0.005692000035196543,-0.04769625151083041,0.02230539731681347,0.07151007652282715,77.58222198486328,170.21652221679688,57.50299835205078,10.100000381469727,10.0,0.400940477848053,0.0
4.1000000000000005,vehicle_0,2.8635010719299316,3.0,-0.004975924734026194,-0.005692000035196543,-0.04102809257062034,-0.004989846609532833,0.6824933290481567,109.06478881835938,170.03695678710938,89.00299835205078,0.0,10.0,0.49509280920028687,0.0
4.0,vehicle_1,2.8872463703155518,3.0,-0.006329718045890331,-0.005692000035196543,0.03653855053223278,-0.004143137950450182,0.10120931267738342,94.23147583007812,170.11920166015625,74.00299835205078,10.600000381469727,10.0,0.4158887565135956,0.0
4.0,vehicle_2,2.906977415084839,3.0,-0.004313832148909569,-0.005692000035196543,-0.07896320334470917,0.02251538261771202,-0.13577525317668915,79.44244384765625,170.20635986328125,59.50299835205078,10.100000381469727,10.0,0.0,0.02715505100786686
4.2,vehicle_0,2.8635025024414062,3.0,-0.004753874149173498,-0.005692000035196543,-0.05375065392109136,0.022302893921732903,0.6824870705604553,111.04896545410156,170.02659606933594,91.00299835205078,0.0,10.0,0.4950921833515167,0.0
4.1000000000000005,vehicle_1,3.010500192642212,3.0,-0.006247350014746189,-0.005692000035196543,0.031819209980871316,-0.0041707707569003105,-0.31920793652534485,95.92359924316406,170.1107635498047,76.00299835205078,10.100000381469727,10.0,0.0,0.06384158134460449
4.1000000000000005,vehicle_2,2.892808198928833,3.0,-0.004804600495845079,-0.005692000035196543,-0.05084424834669226,0.021614162251353264,0.34000447392463684,81.12248229980469,170.196044921875,61.00299835205078,10.600000381469727,10.0,0.4605672061443329,0.0
4.3,vehicle_0,3.0747859477996826,3.0,-0.00430607283487916,-0.005692000035196543,-0.07940777929056825,0.0017785885138437152,-0.3739292323589325,112.73675537109375,170.0170135498047,92.50299835205078,0.0,10.0,0.0,0.07478584349155426
4.2,vehicle_1,2.452752113342285,3.0,-0.006607976742088795,-0.005692000035196543,0.0524815994372177,-0.0051259747706353664,0.6347209811210632,97.73967742919922,170.09939575195312,77.50299835205078,10.600000381469727,10.0,0.4883401691913605,0.0
4.2,vehicle_2,2.220898151397705,3.0,-0.004412963055074215,-0.005692000035196543,-0.07328342080216754,0.021727219223976135,0.5638913512229919,82.9469223022461,170.18600463867188,63.00299835205078,10.100000381469727,10.0,0.47856831550598145,0.0
4.4,vehicle_0,3.0742111206054688,3.0,-0.006615731865167618,-0.005692000035196543,0.05292593525923876,0.0037402815651148558,-0.37105491757392883,114.72074127197266,170.0028076171875,94.50299835205078,0.0,10.0,0.0,0.07421097904443741
4.3,vehicle_1,3.069200038909912,3.0,-0.0063975658267736435,-0.005692000035196543,0.040425942026174964,-0.004548641853034496,0.15056408941745758,99.3970718383789,170.09109497070312,79.50299835205078,10.600000381469727,10.0,0.435865193605423,0.0
4.3,vehicle_2,2.8122174739837646,3.0,-0.004753305111080408,-0.005692000035196543,-0.053783257402207595,0.021866751834750175,0.7404603362083435,84.42948913574219,170.17709350585938,64.50299835205078,10.600000381469727,10.0,0.500800609588623,0.0
4.5,vehicle_0,3.008391857147217,3.0,-0.004425107967108488,-0.005692000035196543,-0.07258756860004606,0.019587399438023567,-0.04195927456021309,116.39828491210938,169.9958038330078,96.50299835205078,0.0,10.0,0.0,0.0
4.4,vehicle_1,2.6840908527374268,3.0,-0.006887213326990604,-0.005692000035196543,0.06848067723773789,-0.006120059639215469,0.827589750289917,101.1403579711914,170.08018493652344,81.00299835205078,10.600000381469727,10.0,0.509113609790802,0.0
4.4,vehicle_2,2.9545516967773438,3.0,-0.004276237916201353,-0.005692000035196543,-0.0811171942129226,0.001211654394865036,0.2689100205898285,86.26183319091797,170.16661071777344,66.00299835205078,10.600000381469727,10.0,0.45404091477394104,0.0
4.6000000000000005,vehicle_0,2.858980417251587,3.0,-0.004640565253794193,-0.005692000035196543,-0.060242775407614926,0.016942571848630905,0.7050964832305908,118.0873031616211,169.98593139648438,98.31300354003906,0.0,10.0,0.49736517667770386,0.0
4.5,vehicle_1,3.127105712890625,3.0,-0.006621666252613068,-0.005692000035196543,0.05326595061385846,-0.006505381781607866,0.5234689712524414,103.19454193115234,170.06915283203125,83.00299835205078,10.90999984741211,10.0,0.48076507449150085,0.0
4.5,vehicle_2,2.9858922958374023,3.0,-0.004806772340089083,-0.005692000035196543,-0.050719810837751095,0.02014518529176712,0.6338760256767273,87.92620086669922,170.1566619873047,68.00299835205078,10.600000381469727,10.0,0.4907855987548828,0.0
4.7,vehicle_0,2.8586442470550537,3.0,-0.0065332273952662945,-0.005692000035196543,0.04819877734292881,0.00379923009313643,0.7067782282829285,120.0713119506836,169.97238159179688,99.81300354003906,0.0,10.0,0.4975343942642212,0.0
4.6000000000000005,vehicle_1,2.644243001937866,3.0,-0.006353610195219517,-0.005692000035196543,0.03790746985229143,-0.009358551353216171,0.6760357618331909,104.98172760009766,170.0587921142578,85.00299835205078,10.40999984741211,10.0,0.4935893714427948,0.0
4.6000000000000005,vehicle_2,2.598742723464966,3.0,-0.004368532449007034,-0.005692000035196543,-0.07582910701102535,0.02151741459965706,0.5313627123832703,90.08478546142578,170.1451873779297,70.00299835205078,10.600000381469727,10.0,0.47819098830223083,0.0
4.800000000000001,vehicle_0,2.7175378799438477,3.0,-0.004093142691999674,-0.005692000035196543,-0.09160777780868039,0.022580288350582123,1.4123082160949707,121.77549743652344,169.96571350097656,101.81300354003906,0.0,10.0,0.5665579438209534,0.0
4.7,vehicle_1,2.7261979579925537,3.0,-0.005982859991490841,-0.005692000035196543,0.01666504792502287,-0.008907842449843884,0.5830149054527283,106.93136596679688,170.04844665527344,87.00299835205078,10.40999984741211,10.0,0.4842727482318878,0.0
4.7,vehicle_2,2.9912071228027344,3.0,-0.003983492497354746,-0.005692000035196543,-0.09789027118462275,0.022776644676923752,0.17225803434848785,91.9733657836914,170.13560485839844,72.00299835205078,10.600000381469727,10.0,0.4424062669277191,0.0
4.9,vehicle_0,2.717073917388916,3.0,-0.007256234996020794,-0.005692000035196543,0.08962406142204125,-0.011600098572671413,1.4146286249160767,123.7594223022461,169.95005798339844,103.81300354003906,0.0,10.0,0.5667875409126282,0.0
4.800000000000001,vehicle_1,2.8149075508117676,3.0,-0.005819537211209536,-0.005692000035196543,0.007307341916561611,-0.005808886140584946,0.31241634488105774,108.64102172851562,170.03802490234375,88.50299835205078,10.40999984741211,10.0,0.4569573700428009,0.0
4.800000000000001,vehicle_2,2.7807581424713135,3.0,-0.006560086272656918,-0.005692000035196543,0.04973767765987087,0.003849728498607874,0.4178836941719055,93.8160400390625,170.12213134765625,73.50299835205078,10.600000381469727,10.0,0.4675651788711548,0.0
5.0,vehicle_0,2.6372857093811035,3.0,-0.0059190429747104645,-0.005692000035196543,0.013008602202391747,0.0056429896503686905,1.5,125.47557067871094,169.9422607421875,105.31300354003906,0.0,10.0,0.5759158730506897,0.0
4.9,vehicle_1,2.806173324584961,3.0,-0.004714929964393377,-0.005692000035196543,-0.0559819913455699,0.0012882926966995,0.3225425183773041,110.66553497314453,170.02813720703125,90.50299835205078,10.40999984741211,10.0,0.4579145014286041,0.0
4.9,vehicle_2,3.0464107990264893,3.0,-0.004146174993366003,-0.005692000035196543,-0.08856925076252387,0.022505367174744606,-0.100620798766613,95.50791931152344,170.1156768798828,75.50299835205078,10.600000381469727,10.0,0.0,0.0201241597533226
5.1000000000000005,vehicle_0,2.6730499267578125,3.0,-0.006547318771481514,-0.005692000035196543,0.049006153727591914,-0.0033726287074387074,1.5,127.19552612304688,169.93191528320312,107.31300354003906,0.0,10.0,0.5755403637886047,0.0
5.0,vehicle_1,2.8244242668151855,3.0,-0.0051265317015349865,-0.005692000035196543,-0.032398948967102596,0.00018935940170194954,0.46479228138923645,112.2607192993164,170.01806640625,92.00299835205078,10.90999984741211,10.0,0.47275009751319885,0.0
5.0,vehicle_2,2.580991506576538,3.0,-0.006423045415431261,-0.005692000035196543,0.04188581491998585,0.005763983819633722,0.7462419867515564,97.1451416015625,170.1034698486328,77.00299835205078,10.600000381469727,10.0,0.5007349252700806,0.0
5.2,vehicle_0,2.8676257133483887,3.0,-0.004197323229163885,-0.005692000035196543,-0.08563867272176527,0.024059675633907318,0.6618706583976746,128.90213012695312,169.92581176757812,108.81300354003906,0.0,10.0,0.49302223324775696,0.0
5.1000000000000005,vehicle_1,2.924020767211914,3.0,-0.0058098845183849335,-0.005692000035196543,0.006754283356775695,-0.0082746222615242,-0.056354500353336334,114.07162475585938,170.00747680664062,94.00299835205078,10.40999984741211,10.0,0.0,0.011270900256931782
5.1000000000000005,vehicle_2,3.133427619934082,3.0,-0.004324992652982473,-0.005692000035196543,-0.07832375356409317,0.0216250978410244,-0.36473706364631653,99.17452239990234,170.09481811523438,79.00299835205078,10.600000381469727,10.0,0.0,0.0729474127292633
5.300000000000001,vehicle_0,2.8539657592773438,3.0,-0.008226466365158558,-0.005692000035196543,0.14521422402483458,-0.01623246818780899,0.7301701903343201,130.88699340820312,169.90968322753906,110.81300354003906,0.0,10.0,0.4998895525932312,0.0
5.2,vehicle_1,2.7527942657470703,3.0,-0.005215833894908428,-0.005692000035196543,-0.02728231018554324,-7.42054617148824e-05,0.45819464325904846,115.86699676513672,169.99755859375,95.50299835205078,10.90999984741211,10.0,0.471553236246109,0.0
5.2,vehicle_2,2.388906478881836,3.0,-0.006463112309575081,-0.005692000035196543,0.04418147885262416,0.006427330430597067,0.9051234126091003,100.71631622314453,170.08334350585938,80.50299835205078,10.600000381469727,10.0,0.5168100595474243,0.0
5.4,vehicle_0,3.070889472961426,3.0,-0.007144932635128498,-0.005692000035196543,0.08324690589307077,0.007345516700297594,-0.35444656014442444,132.58152770996094,169.90499877929688,112.31300354003906,0.0,10.0,0.0,0.07088930904865265
5.300000000000001,vehicle_1,3.280377149581909,3.0,-0.005310728680342436,-0.005692000035196543,-0.02184523948237508,-0.0047370088286697865,-0.22480185329914093,117.6821060180664,169.98703002929688,97.50299835205078,10.40999984741211,10.0,0.0,0.04496036842465401
5.300000000000001,vehicle_2,3.0839991569519043,3.0,-0.00450930604711175,-0.005692000035196543,-0.06776337397275432,0.0002410302695352584,0.5693393349647522,102.34465789794922,170.07626342773438,82.00299835205078,10.600000381469727,10.0,0.48496928811073303,0.0
5.5,vehicle_0,3.0106263160705566,3.0,-0.007508803158998489,-0.005692000035196543,0.10409515120003554,-0.004895588383078575,-0.05313185602426529,134.63270568847656,169.89093017578125,114.31300354003906,0.0,10.0,0.0,0.010626371018588543
5.4,vehicle_1,3.1106340885162354,3.0,-0.004501149989664555,-0.005692000035196543,-0.06823068164194483,0.002282598987221718,0.054565709084272385,119.55802154541016,169.97755432128906,99.31300354003906,10.600000381469727,10.0,0.4250573515892029,0.0
5.4,vehicle_2,3.258434772491455,3.0,-0.007596917916089296,-0.005692000035196543,0.10914375489415923,-0.013574108481407166,-0.17069531977176666,104.60491180419922,170.05911254882812,84.50299835205078,10.40999984741211,10.0,0.0,0.03413906693458557
5.6000000000000005,vehicle_0,2.9749114513397217,3.0,-0.008023245260119438,-0.005692000035196543,0.13357051239810822,-0.014022693037986755,0.12544310092926025,136.28001403808594,169.8806610107422,116.31300354003906,0.0,10.0,0.425638884305954,0.0
5.5,vehicle_1,2.9350497722625732,3.0,-0.0044007254764437675,-0.005692000035196543,-0.07398458240915169,0.0004089563444722444,0.5144221186637878,121.5825424194336,169.96652221679688,101.31300354003906,10.600000381469727,10.0,0.47854867577552795,0.0
5.5,vehicle_2,2.822878837585449,3.0,-0.006244984921067953,-0.005692000035196543,0.031683700094955324,0.004070117603987455,0.7940167784690857,106.35997772216797,170.05130004882812,86.00299835205078,10.90999984741211,10.0,0.5061460733413696,0.0
5.7,vehicle_0,2.7037017345428467,3.0,-0.0069214655086398125,-0.005692000035196543,0.07044318268535295,-0.004946629051119089,1.4814893007278442,137.99087524414062,169.87045288085938,117.81300354003906,0.0,10.0,0.5734227895736694,0.0
5.6000000000000005,vehicle_1,2.4023289680480957,3.0,-0.004742609336972237,-0.005692000035196543,-0.05439608011723111,0.022306397557258606,0.7448537349700928,123.3036880493164,169.95669555664062,103.31300354003906,10.100000381469727,10.0,0.49990004301071167,0.0
5.6000000000000005,vehicle_2,2.6777989864349365,3.0,-0.006167721934616566,-0.005692000035196543,0.027256857058714362,-0.008944283239543438,-0.09309009462594986,108.47665405273438,170.03857421875,88.50299835205078,10.40999984741211,10.0,0.0,0.018618019297719002
5.800000000000001,vehicle_0,2.7194271087646484,3.0,-0.006652762647718191,-0.005692000035196543,0.055047642811453315,-0.005633303429931402,1.4028621912002563,139.97225952148438,169.8597412109375,119.81300354003906,0.0,10.0,0.5656237602233887,0.0
5.7,vehicle_1,2.7202744483947754,3.0,-0.005068379454314709,-0.005692000035196543,-0.03573082730202588,-0.005865168292075396,0.5445390343666077,124.79044342041016,169.9473419189453,104.81300354003906,10.600000381469727,10.0,0.4802613854408264,0.0
5.7,vehicle_2,2.3047735691070557,3.0,-0.0068777771666646,-0.005692000035196543,0.06794002507624906,-0.0020368178375065327,1.2756208181381226,109.83609008789062,170.03050231933594,89.50299835205078,10.90999984741211,10.0,0.5583319664001465,0.0
5.9,vehicle_0,2.6376404762268066,3.0,-0.00700113270431757,-0.005692000035196543,0.07500777676333131,-0.011315013282001019,1.5,141.68899536132812,169.84934997558594,121.69300079345703,0.0,10.0,0.5759120583534241,0.0
5.800000000000001,vehicle_1,2.6919095516204834,3.0,-0.00457014050334692,-0.005692000035196543,-0.06427781638150575,0.023520570248365402,0.4974731206893921,126.83902740478516,169.9366912841797,106.81300354003906,10.479999542236328,10.0,0.4752085208892822,0.0
5.800000000000001,vehicle_2,3.0989911556243896,3.0,-0.007425218820571899,-0.005692000035196543,0.09930612137479879,-0.012732436880469322,-0.2766592800617218,111.47116088867188,170.01983642578125,91.50299835205078,10.40999984741211,10.0,0.0,0.05533185601234436
6.0,vehicle_0,2.637188673019409,3.0,-0.00625590281561017,-0.005692000035196543,0.03230924937339329,-0.009280593134462833,1.5,143.67311096191406,169.83860778808594,123.69300079345703,0.0,10.0,0.5759168863296509,0.0
5.9,vehicle_1,2.9497551918029785,3.0,-0.004022733308374882,-0.005692000035196543,-0.09564193832849853,0.0030309942085295916,0.04337671026587486,128.49110412597656,169.9272003173828,108.31300354003906,10.479999542236328,10.0,0.371338427066803,0.0
5.9,vehicle_2,3.0495686531066895,3.0,-0.006986988242715597,-0.005692000035196543,0.07419735881005343,-0.012191410176455975,-0.0854857787489891,113.53666687011719,170.00872802734375,93.50299835205078,10.40999984741211,10.0,0.0,0.01709715649485588
6.1000000000000005,vehicle_0,2.6728875637054443,3.0,-0.006559728644788265,-0.005692000035196543,0.04971718709236082,-0.006051421631127596,1.5,145.3930206298828,169.82916259765625,125.19300079345703,0.0,10.0,0.5755420923233032,0.0
6.0,vehicle_1,2.9367265701293945,3.0,-0.00648587616160512,-0.005692000035196543,0.045485751499405695,0.008430279791355133,0.05821141228079796,130.483154296875,169.9145050048828,110.31300354003906,10.479999542236328,10.0,0.4179285168647766,0.0
6.0,vehicle_2,3.0221893787384033,3.0,-0.006280892062932253,-0.005692000035196543,0.03374102777815721,-0.0039061924908310175,0.3228270411491394,115.30201721191406,169.998779296875,95.00299835205078,10.90999984741211,10.0,0.4601837992668152,0.0
6.2,vehicle_0,2.862945795059204,3.0,-0.006533560808748007,-0.005692000035196543,0.04821788052826369,-0.012191403657197952,0.6852695941925049,147.10252380371094,169.81849670410156,127.19300079345703,0.0,10.0,0.4953717589378357,0.0
6.1000000000000005,vehicle_1,2.9840078353881836,3.0,-0.00535439932718873,-0.005692000035196543,-0.01934309572947611,0.019566496834158897,-0.08612896502017975,132.19285583496094,169.90786743164062,112.31300354003906,10.479999542236328,10.0,0.0,0.01722579263150692
6.1000000000000005,vehicle_2,2.7278048992156982,3.0,-0.006091026123613119,-0.005692000035196543,0.022862510781883852,-0.004339310340583324,0.6107211709022522,117.29004669189453,169.98829650878906,97.00299835205078,10.90999984741211,10.0,0.48714426159858704,0.0
6.300000000000001,vehicle_0,2.862975597381592,3.0,-0.006115235388278961,-0.005692000035196543,0.024249599472351793,-0.011661066673696041,0.6851208806037903,149.0864715576172,169.80789184570312,129.1929931640625,0.0,10.0,0.49535679817199707,0.0
6.2,vehicle_1,2.9060721397399902,3.0,-0.005919917486608028,-0.005692000035196543,0.013058708043256137,0.02044588327407837,0.042991288006305695,133.87991333007812,169.89830017089844,113.81300354003906,10.479999542236328,10.0,0.3710957467556,0.0
6.2,vehicle_2,2.7933197021484375,3.0,-0.005940033122897148,-0.005692000035196543,0.0142112491048429,-0.0035616415552794933,0.64449143409729,119.01431274414062,169.97874450683594,98.81300354003906,10.600000381469727,10.0,0.49092093110084534,0.0
6.4,vehicle_0,3.0745606422424316,3.0,-0.005720674525946379,-0.005692000035196543,0.0016429272996525202,-0.005460743792355061,-0.37280258536338806,150.77415466308594,169.79823303222656,130.6929931640625,0.0,10.0,0.0,0.07456052303314209
6.300000000000001,vehicle_1,2.913832426071167,3.0,-0.0055178082548081875,-0.005692000035196543,-0.00998045384212246,0.01950763911008835,0.03465183824300766,135.91737365722656,169.8868865966797,115.81300354003906,10.479999542236328,10.0,0.38042476773262024,0.0
6.300000000000001,vehicle_2,3.183961868286133,3.0,-0.0062812017276883125,-0.005692000035196543,0.03375877026174338,-0.011026543565094471,0.1443314403295517,120.802978515625,169.96786499023438,100.81300354003906,10.600000381469727,10.0,0.43541714549064636,0.0
6.5,vehicle_0,3.008183479309082,3.0,-0.00606132997199893,-0.005692000035196543,0.021161046626610207,-0.003808104433119297,-0.040917377918958664,152.4517364501953,169.78857421875,132.1929931640625,0.0,10.0,0.0,0.0
6.4,vehicle_1,2.8214170932769775,3.0,-0.007243141066282988,-0.005692000035196543,0.08887383451082413,0.0037039797753095627,0.3553418219089508,137.6156768798828,169.87359619140625,117.31300354003906,10.479999542236328,10.0,0.4614482522010803,0.0
6.4,vehicle_2,2.6497280597686768,3.0,-0.005460837390273809,-0.005692000035196543,-0.013244643935153866,-0.006238395348191261,0.7355612516403198,122.88864135742188,169.95748901367188,102.81300354003906,10.600000381469727,10.0,0.4998321831226349,0.0
6.6000000000000005,vehicle_0,3.0083115100860596,3.0,-0.005201329477131367,-0.005692000035196543,-0.028113352108463375,0.00024011284403968602,-0.04155758395791054,154.43576049804688,169.7783203125,134.1929931640625,0.0,10.0,0.0,0.0
6.5,vehicle_1,2.734410524368286,3.0,-0.0047571188770234585,-0.005692000035196543,-0.053564744709620075,0.021127531304955482,0.6941365003585815,139.31353759765625,169.8663787841797,119.31300354003906,10.479999542236328,10.0,0.4957875609397888,0.0
6.5,vehicle_2,2.704254627227783,3.0,-0.0052346400916576385,-0.005692000035196543,-0.026204794483120835,-0.0003399675479158759,0.5960564613342285,124.55809020996094,169.94818115234375,104.31300354003906,10.600000381469727,10.0,0.48551151156425476,0.0
6.7,vehicle_0,2.8589048385620117,3.0,-0.005921914707869291,-0.005692000035196543,0.013173140392280293,-0.00872305128723383,0.7054744362831116,156.1248779296875,169.76834106445312,136.1929931640625,0.0,10.0,0.49740320444107056,0.0
6.6000000000000005,vehicle_1,2.8348500728607178,3.0,-0.006366431713104248,-0.005692000035196543,0.038642088714038035,0.0027103633619844913,0.6569873690605164,141.34942626953125,169.85220336914062,121.19300079345703,10.600000381469727,10.0,0.4923810064792633,0.0
6.6000000000000005,vehicle_2,3.098869800567627,3.0,-0.006088022142648697,-0.005692000035196543,0.02269039535088482,-0.011183100752532482,0.036744702607393265,126.28133392333984,169.93753051757812,106.31300354003906,10.479999542236328,10.0,0.3809444308280945,0.0
6.800000000000001,vehicle_0,2.7170820236206055,3.0,-0.0052481829188764095,-0.005692000035196543,-0.02542884764081036,-7.526975241489708e-05,1.4145874977111816,157.8289794921875,169.75892639160156,137.6929931640625,0.0,10.0,0.5667834877967834,0.0
6.7,vehicle_1,3.033818244934082,3.0,-0.006755285430699587,-0.005692000035196543,0.06092176558022295,-0.0048684487119317055,0.03513244166970253,143.11029052734375,169.84161376953125,123.19300079345703,10.100000381469727,10.0,0.38172975182533264,0.0
6.7,vehicle_2,2.950087785720825,3.0,-0.004728109110146761,-0.005692000035196543,-0.05522688191631326,-0.0035146570298820734,0.48957034945487976,128.42271423339844,169.9266815185547,108.31300354003906,10.479999542236328,10.0,0.4761653244495392,0.0
6.9,vehicle_0,2.7171685695648193,3.0,-0.005603941157460213,-0.005692000035196543,-0.00504540204295024,-0.006320870481431484,1.4141547679901123,159.81298828125,169.74749755859375,139.6929931640625,0.0,10.0,0.5667406916618347,0.0
6.800000000000001,vehicle_1,2.4166815280914307,3.0,-0.005950606893748045,-0.005692000035196543,0.01481708154813774,0.006687899120151997,0.8867972493171692,144.8516387939453,169.8326873779297,124.69300079345703,10.600000381469727,10.0,0.5148698687553406,0.0
6.800000000000001,vehicle_2,2.5638246536254883,3.0,-0.00470740208402276,-0.005692000035196543,-0.056413307119485626,0.024837356060743332,-0.23585298657417297,130.1986846923828,169.91819763183594,110.31300354003906,9.979999542236328,10.0,0.0,0.047170598059892654
7.0,vehicle_0,2.6373541355133057,3.0,-0.005140677094459534,-0.005692000035196543,-0.03158847765297182,-0.00016344443429261446,1.5,161.5290069580078,169.73753356933594,141.1929931640625,0.0,10.0,0.5759151577949524,0.0
6.9,vehicle_1,2.7957499027252197,3.0,-0.007493952289223671,-0.005692000035196543,0.10324425903984005,-0.012709000147879124,0.4563288986682892,146.62142944335938,169.82025146484375,126.69300079345703,10.600000381469727,10.0,0.47166821360588074,0.0
6.9,vehicle_2,2.2508316040039062,3.0,-0.006195354741066694,-0.005692000035196543,0.028840100244408605,-0.0022461428306996822,1.0151982307434082,131.5047149658203,169.90982055664062,111.31300354003906,10.479999542236328,10.0,0.5291926860809326,0.0
7.1000000000000005,vehicle_0,2.673065185546875,3.0,-0.005354113411158323,-0.005692000035196543,-0.01935947751131356,-0.0058637154288589954,1.5,163.24884033203125,169.72750854492188,143.1929931640625,0.0,10.0,0.5755402445793152,0.0
7.0,vehicle_1,2.890378713607788,3.0,-0.006093115080147982,-0.005692000035196543,0.02298219917491775,0.004867492243647575,0.18791554868221283,148.4214324951172,169.81201171875,128.1929931640625,10.600000381469727,10.0,0.44507846236228943,0.0
7.0,vehicle_2,3.1368191242218018,3.0,-0.006999621167778969,-0.005692000035196543,0.07492117209908968,-0.008230926468968391,-0.2653651535511017,133.4082489013672,169.89987182617188,113.31300354003906,10.479999542236328,10.0,0.0,0.05307302996516228
7.2,vehicle_0,2.67336368560791,3.0,-0.004944830201566219,-0.005692000035196543,-0.04280967804650941,-0.005401208531111479,1.5,165.23291015625,169.71690368652344,145.1929931640625,0.0,10.0,0.5755371451377869,0.0
7.1000000000000005,vehicle_1,2.91628360748291,3.0,-0.00666416622698307,-0.005692000035196543,0.05570101977467379,-0.004143062978982925,-0.2523845136165619,150.06289672851562,169.8019561767578,130.1929931640625,10.100000381469727,10.0,0.0,0.05047690495848656
7.1000000000000005,vehicle_2,2.721768379211426,3.0,-0.006459946744143963,-0.005692000035196543,0.044000105313648584,-0.002915681106969714,0.6733238697052002,135.09600830078125,169.88961791992188,114.81300354003906,10.979999542236328,10.0,0.49359050393104553,0.0
7.300000000000001,vehicle_0,2.8633205890655518,3.0,-0.004691183101385832,-0.005692000035196543,-0.057342586372577595,0.0014793166192248464,0.6833959221839905,166.94259643554688,169.70765686035156,146.6929931640625,0.0,10.0,0.4951834976673126,0.0
7.2,vehicle_1,2.986417770385742,3.0,-0.006359210703521967,-0.005692000035196543,0.0382283553411498,0.003481663065031171,-0.012261091731488705,152.0421905517578,169.79139709472656,131.6929931640625,10.600000381469727,10.0,0.0,0.0
7.2,vehicle_2,3.172847270965576,3.0,-0.006449847016483545,-0.005692000035196543,0.04342143354447513,-0.008058971725404263,0.10510602593421936,136.87449645996094,169.87893676757812,116.81300354003906,10.479999542236328,10.0,0.4213768541812897,0.0
7.4,vehicle_0,3.074697971343994,3.0,-0.005069023929536343,-0.005692000035196543,-0.035693901591825505,-0.006815828382968903,-0.37348946928977966,168.6304473876953,169.6971435546875,148.6929931640625,0.0,10.0,0.0,0.07469788938760757
7.300000000000001,vehicle_1,2.9202404022216797,3.0,-0.00760507071390748,-0.005692000035196543,0.10961087580036462,-0.013541480526328087,0.10434598475694656,153.75588989257812,169.77940368652344,133.6929931640625,10.600000381469727,10.0,0.41744324564933777,0.0
7.300000000000001,vehicle_2,2.695797920227051,3.0,-0.005527414847165346,-0.005692000035196543,-0.009430036644554636,-0.00019447597151156515,0.6415888667106628,138.64422607421875,169.8683624267578,118.31300354003906,10.479999542236328,10.0,0.4901975691318512,0.0
7.5,vehicle_0,3.008301258087158,3.0,-0.005441231653094292,-0.005692000035196543,-0.014367969929782955,-0.005693850107491016,-0.041506506502628326,170.3080291748047,169.68736267089844,150.1929931640625,0.0,10.0,0.0,0.0
7.4,vehicle_1,2.835991859436035,3.0,-0.006206310819834471,-0.005692000035196543,0.029467837317815097,0.004286348354071379,0.4150891900062561,155.4772186279297,169.77171325683594,135.1929931640625,10.600000381469727,10.0,0.4677257835865021,0.0
7.4,vehicle_2,3.138782024383545,3.0,-0.004928868263959885,-0.005692000035196543,-0.04372422970420354,0.0008126340107992291,0.4578375220298767,140.70567321777344,169.85708618164062,120.31300354003906,10.979999542236328,10.0,0.4745047390460968,0.0
7.6000000000000005,vehicle_0,3.0083444118499756,3.0,-0.004939356353133917,-0.005692000035196543,-0.04312330645937464,-0.005529926624149084,-0.04172232747077942,172.2920684814453,169.6764373779297,152.1929931640625,0.0,10.0,0.0,0.0
7.5,vehicle_1,2.834050178527832,3.0,-0.006497624795883894,-0.005692000035196543,0.04615889865862218,-0.0046760342083871365,0.4173586070537567,157.47439575195312,169.75906372070312,137.1929931640625,10.600000381469727,10.0,0.46794307231903076,0.0
7.5,vehicle_2,2.4314920902252197,3.0,-0.004806244745850563,-0.005692000035196543,-0.05075003976091368,-0.00044337313738651574,0.9403603672981262,142.4394989013672,169.84725952148438,122.19300079345703,10.600000381469727,10.0,0.5204706788063049,0.0
7.7,vehicle_0,2.858914613723755,3.0,-0.004768179263919592,-0.005692000035196543,-0.052931031220689824,0.0005672617116943002,0.7054262757301331,173.9811553955078,169.66726684570312,153.6929931640625,0.0,10.0,0.49739837646484375,0.0
7.6000000000000005,vehicle_1,2.777336359024048,3.0,-0.006951487623155117,-0.005692000035196543,0.07216332313913836,-0.011627760715782642,0.7217525243759155,159.2047882080078,169.7490234375,139.1929931640625,10.600000381469727,10.0,0.49877533316612244,0.0
7.6000000000000005,vehicle_2,2.9070584774017334,3.0,-0.005043297540396452,-0.005692000035196543,-0.03716791511165243,0.0003581471974030137,0.30691826343536377,144.0167694091797,169.8375701904297,123.69300079345703,10.600000381469727,10.0,0.45735475420951843,0.0
7.800000000000001,vehicle_0,2.858994245529175,3.0,-0.0044827708043158054,-0.005692000035196543,-0.06928373139331685,0.00011890040332218632,0.7050274610519409,175.9651336669922,169.65658569335938,155.6929931640625,0.0,10.0,0.4973582327365875,0.0
7.7,vehicle_1,2.766007900238037,3.0,-0.005692007020115852,-0.005692000035196543,4.002063966804346e-07,-0.006328285206109285,0.7346206903457642,161.20358276367188,169.73829650878906,141.1929931640625,10.600000381469727,10.0,0.5000608563423157,0.0
7.7,vehicle_2,2.758878231048584,3.0,-0.0044066766276955605,-0.005692000035196543,-0.07364360655917994,0.02364695444703102,0.1502595692873001,146.15805053710938,169.82676696777344,126.19300079345703,10.100000381469727,10.0,0.4324418008327484,0.0
7.9,vehicle_0,2.717250347137451,3.0,-0.004758251830935478,-0.005692000035196543,-0.05349983123207851,0.022097259759902954,1.4137463569641113,177.66917419433594,169.64686584472656,157.6929931640625,0.0,10.0,0.566700279712677,0.0
7.800000000000001,vehicle_1,2.7512423992156982,3.0,-0.006018746644258499,-0.005692000035196543,0.018721201669461156,-0.00422276696190238,0.6761754751205444,162.92724609375,169.72848510742188,142.6929931640625,10.600000381469727,10.0,0.4939979016780853,0.0
7.800000000000001,vehicle_2,3.000884771347046,3.0,-0.0049069165252149105,-0.005692000035196543,-0.044981971687264366,-0.00534298550337553,0.11970227211713791,147.83261108398438,169.8162078857422,127.69300079345703,10.600000381469727,10.0,0.4239071011543274,0.0
8.0,vehicle_0,2.6376595497131348,3.0,-0.0043776677921414375,-0.005692000035196543,-0.07530569040502023,0.00022707718017045408,1.5,179.38528442382812,169.6368865966797,159.1929931640625,0.0,10.0,0.5759118795394897,0.0
7.9,vehicle_1,2.783750534057617,3.0,-0.00609250646084547,-0.005692000035196543,0.02294732785755366,-0.008875860832631588,0.14925269782543182,164.641357421875,169.71856689453125,144.6929931640625,10.100000381469727,10.0,0.4322962164878845,0.0
7.9,vehicle_2,2.9357285499572754,3.0,-0.004728149157017469,-0.005692000035196543,-0.05522458739963895,0.020173747092485428,-0.1616969108581543,149.59693908691406,169.8065948486328,129.6929931640625,10.100000381469727,10.0,0.0,0.03233938291668892
8.1,vehicle_0,2.6370866298675537,3.0,-0.006394191179424524,-0.005692000035196543,0.04023258897572542,0.00556298578158021,1.5,181.3693389892578,169.62315368652344,161.1929931640625,0.0,10.0,0.5759180188179016,0.0
8.0,vehicle_1,2.995264768600464,3.0,-0.007217891979962587,-0.005692000035196543,0.08742716842810368,-0.013114615343511105,0.06857132911682129,166.34669494628906,169.7082061767578,146.1929931640625,10.600000381469727,10.0,0.4061274230480194,0.0
8.0,vehicle_2,2.9553468227386475,3.0,-0.004371043760329485,-0.005692000035196543,-0.07568521947120552,0.019526856020092964,0.04295282065868378,151.57115173339844,169.79574584960938,131.6929931640625,10.100000381469727,10.0,0.37189212441444397,0.0
8.200000000000001,vehicle_0,2.673522710800171,3.0,-0.0044680191203951836,-0.005692000035196543,-0.07012894062267948,0.019220149144530296,1.5,183.08932495117188,169.6156463623047,163.1929931640625,0.0,10.0,0.5755355358123779,0.0
8.1,vehicle_1,2.833791971206665,3.0,-0.0065241968259215355,-0.005692000035196543,0.0476813638328739,-0.012477131560444832,-0.1590849757194519,168.06201171875,169.6986083984375,148.1929931640625,10.100000381469727,10.0,0.0,0.0318169929087162
8.1,vehicle_2,2.8350160121917725,3.0,-0.0046268305741250515,-0.005692000035196543,-0.061029714585620884,0.021656271070241928,0.20277348160743713,153.3336639404297,169.78553771972656,133.1929931640625,10.600000381469727,10.0,0.44589439034461975,0.0
8.3,vehicle_0,2.8635151386260986,3.0,-0.00465267663821578,-0.005692000035196543,-0.0595488441961975,0.021914374083280563,0.6824237108230591,184.7990264892578,169.60589599609375,164.6929931640625,0.0,10.0,0.49508580565452576,0.0
8.200000000000001,vehicle_1,2.9032061100006104,3.0,-0.00613829679787159,-0.005692000035196543,0.025570920911631913,-0.004197254311293364,0.08238054066896439,169.98155212402344,169.6884307861328,149.6929931640625,10.600000381469727,10.0,0.409308522939682,0.0
8.200000000000001,vehicle_2,2.7152960300445557,3.0,-0.004447983577847481,-0.005692000035196543,-0.07127689265091763,-0.00012483129103202373,0.6680867671966553,154.986328125,169.7763214111328,134.6929931640625,10.600000381469727,10.0,0.49302369356155396,0.0
8.4,vehicle_0,2.8635270595550537,3.0,-0.004396007861942053,-0.005692000035196543,-0.07425488180946964,0.021757833659648895,0.6823638677597046,186.78306579589844,169.5953826904297,166.6929931640625,0.0,10.0,0.49507981538772583,0.0
8.3,vehicle_1,2.8075995445251465,3.0,-0.005725601222366095,-0.005692000035196543,0.0019252062114444534,-0.006277705542743206,-0.08871662616729736,171.7178497314453,169.6782989501953,151.6929931640625,10.100000381469727,10.0,0.0,0.017743324860930443
8.3,vehicle_2,2.772237777709961,3.0,-0.006634273566305637,-0.005692000035196543,0.0539882964794402,0.004050373565405607,0.2453646957874298,157.02760314941406,169.76223754882812,136.6929931640625,10.600000381469727,10.0,0.44954293966293335,0.0
8.5,vehicle_0,3.0741727352142334,3.0,-0.006835867650806904,-0.005692000035196543,0.06553878669616646,0.002652430208399892,-0.37086331844329834,188.47079467773438,169.58253479003906,168.1929931640625,0.0,10.0,0.0,0.07417266815900803
8.4,vehicle_1,2.8135409355163574,3.0,-0.0063747684471309185,-0.005692000035196543,0.03911974838868936,-0.005735443439334631,0.4408489465713501,173.33840942382812,169.669189453125,153.1929931640625,10.600000381469727,10.0,0.47020041942596436,0.0
8.4,vehicle_2,2.742579221725464,3.0,-0.004476807080209255,-0.005692000035196543,-0.0696254276148026,0.019316716119647026,0.22850477695465088,158.59201049804688,169.75570678710938,138.6929931640625,10.100000381469727,10.0,0.4474354386329651,0.0
8.6,vehicle_0,3.0083799362182617,3.0,-0.004228148143738508,-0.005692000035196543,-0.08387253521278806,0.02243635058403015,-0.04190010204911232,190.14830017089844,169.5760955810547,170.1929931640625,0.0,10.0,0.0,0.0
8.5,vehicle_1,2.916294813156128,3.0,-0.005801841616630554,-0.005692000035196543,0.0062934590312113976,-0.006160646677017212,0.0037518953904509544,175.3109893798828,169.657958984375,155.1929931640625,10.100000381469727,10.0,0.3446193039417267,0.0
8.5,vehicle_2,2.740161418914795,3.0,-0.004654943943023682,-0.005692000035196543,-0.05941893719983503,0.0218366626650095,0.6534318923950195,160.27821350097656,169.74594116210938,140.1929931640625,10.600000381469727,10.0,0.49160927534103394,0.0
8.700000000000001,vehicle_0,3.0438671112060547,3.0,-0.0041243466548621655,-0.005692000035196543,-0.08981992243257667,0.02263142354786396,-0.21933570504188538,192.1324005126953,169.56553649902344,172.10299682617188,0.0,10.0,0.0,0.043867141008377075
8.6,vehicle_1,2.5787463188171387,3.0,-0.005603105295449495,-0.005692000035196543,-0.005093293408419666,-0.007006837520748377,0.7191100120544434,177.2071075439453,169.6478729248047,157.1929931640625,10.510000228881836,10.0,0.49792027473449707,0.0
8.6,vehicle_2,2.3126845359802246,3.0,-0.004334418568760157,-0.005692000035196543,-0.07778368837198615,0.021688928827643394,0.4846571087837219,162.2157440185547,169.73541259765625,142.1929931640625,10.100000381469727,10.0,0.4705149531364441,0.0
8.8,vehicle_0,2.9186277389526367,3.0,-0.006642825901508331,-0.005692000035196543,0.05447830919153573,0.0022728329058736563,0.4068601429462433,193.84274291992188,169.5521697998047,173.60299682617188,0.0,10.0,0.46758389472961426,0.0
8.700000000000001,vehicle_1,3.1700100898742676,3.0,-0.004927114117890596,-0.005692000035196543,-0.04382473487062322,0.0020080646499991417,0.1357935220003128,178.94371032714844,169.63833618164062,158.6929931640625,10.510000228881836,10.0,0.432184636592865,0.0
8.700000000000001,vehicle_2,2.69815731048584,3.0,-0.004729186184704304,-0.005692000035196543,-0.055165170089945134,0.021884193643927574,1.0010948181152344,163.645751953125,169.7268524169922,143.6929931640625,10.600000381469727,10.0,0.5263303518295288,0.0
8.9,vehicle_0,2.895596981048584,3.0,-0.0060848756693303585,-0.005692000035196543,0.02251011570939351,0.0028339545242488384,0.5220146775245667,195.847900390625,169.54115295410156,175.60299682617188,0.0,10.0,0.47904765605926514,0.0
8.8,vehicle_1,2.4640681743621826,3.0,-0.00551020260900259,-0.005692000035196543,-0.010416225247254563,-0.006883375346660614,0.9959474802017212,180.6930694580078,169.62782287597656,160.6929931640625,10.510000228881836,10.0,0.5261805057525635,0.0
8.8,vehicle_2,2.734166383743286,3.0,-0.004206902347505093,-0.005692000035196543,-0.08508982966935771,0.022597355768084526,0.18851424753665924,165.76425170898438,169.71534729003906,145.6929931640625,10.600000381469727,10.0,0.44314202666282654,0.0
9.0,vehicle_0,2.7419512271881104,3.0,-0.006855544168502092,-0.005692000035196543,0.06666616811561522,-0.012067267671227455,1.290242314338684,197.573486328125,169.52890014648438,177.60299682617188,0.0,10.0,0.5545429587364197,0.0
8.9,vehicle_1,2.954659938812256,3.0,-0.005733458790928125,-0.005692000035196543,0.002375411727283497,-0.0059293052181601524,0.24517196416854858,182.30088806152344,169.61795043945312,162.1929931640625,10.510000228881836,10.0,0.45165812969207764,0.0
8.9,vehicle_2,2.744086980819702,3.0,-0.004707870073616505,-0.005692000035196543,-0.05638649329090804,0.02189727872610092,0.8129752278327942,167.29283142089844,169.70599365234375,147.1929931640625,10.600000381469727,10.0,0.507793128490448,0.0
9.1,vehicle_0,2.6381757259368896,3.0,-0.0052871969528496265,-0.005692000035196543,-0.023193508152365018,0.005443336442112923,1.5,199.2896270751953,169.52072143554688,179.10299682617188,0.0,10.0,0.5759063959121704,0.0
9.0,vehicle_1,2.7230353355407715,3.0,-0.004702610429376364,-0.005692000035196543,-0.056687848707608415,0.0010943167144432664,0.5366722345352173,184.4278106689453,169.60763549804688,164.1929931640625,10.510000228881836,10.0,0.4794638752937317,0.0
9.0,vehicle_2,3.2996771335601807,3.0,-0.004528203513473272,-0.005692000035196543,-0.06668062890674863,0.01944713294506073,-0.33295273780822754,169.162841796875,169.69564819335938,149.1929931640625,10.600000381469727,10.0,0.0,0.06659054756164551
9.200000000000001,vehicle_0,2.628120183944702,3.0,-0.0059641944244503975,-0.005692000035196543,0.015595589711386963,-0.005073987878859043,1.5,201.2672576904297,169.5084686279297,181.10299682617188,0.0,10.0,0.5760143399238586,0.0
9.1,vehicle_1,2.9766671657562256,3.0,-0.005066525656729937,-0.005692000035196543,-0.035837042079704874,-0.007095093838870525,0.02349988929927349,186.10569763183594,169.59719848632812,166.1929931640625,10.510000228881836,10.0,0.3455429971218109,0.0
9.1,vehicle_2,2.7471752166748047,3.0,-0.006618332117795944,-0.005692000035196543,0.053074918760509675,-0.0034958079922944307,0.40612295269966125,171.08351135253906,169.68197631835938,151.1929931640625,10.600000381469727,10.0,0.4660671651363373,0.0
9.3,vehicle_0,2.684403657913208,3.0,-0.005577477160841227,-0.005692000035196543,-0.006561677358266625,-0.0026055332273244858,1.5,202.9845733642578,169.50015258789062,183.10299682617188,0.0,10.0,0.575424075126648,0.0
9.200000000000001,vehicle_1,3.0119357109069824,3.0,-0.005380263552069664,-0.005692000035196543,-0.017861184803421352,-0.005421238485723734,-0.08485833555459976,187.81716918945312,169.5872802734375,167.6929931640625,10.510000228881836,10.0,0.0,0.016971666365861893
9.200000000000001,vehicle_2,3.2546064853668213,3.0,-0.00633413577452302,-0.005692000035196543,0.036791667737919934,0.003139256266877055,-0.061154238879680634,172.89588928222656,169.67208862304688,152.6929931640625,10.600000381469727,10.0,0.0,0.012230847962200642
9.4,vehicle_0,2.84645414352417,3.0,-0.007348291575908661,-0.005692000035196543,0.09489851492602494,-0.0138859823346138,0.7677283883094788,204.69540405273438,169.4885711669922,184.60299682617188,0.0,10.0,0.5036720037460327,0.0
9.3,vehicle_1,2.9948928356170654,3.0,-0.004924510605633259,-0.005692000035196543,-0.04397390513487924,-0.005434016231447458,-0.17513248324394226,189.853271484375,169.5760955810547,169.6929931640625,10.510000228881836,10.0,0.0,0.03502649813890457
9.3,vehicle_2,2.812504529953003,3.0,-0.007349895779043436,-0.005692000035196543,0.0949904289951292,-0.011996710672974586,0.34909117221832275,174.65133666992188,169.6600341796875,154.6929931640625,10.600000381469727,10.0,0.46071910858154297,0.0
9.5,vehicle_0,3.0267951488494873,3.0,-0.007009710650891066,-0.005692000035196543,0.07549925689888133,-0.014603358693420887,-0.1339760720729828,206.65994262695312,169.47775268554688,186.60299682617188,0.0,10.0,0.0,0.026795215904712677
9.4,vehicle_1,2.701741933822632,3.0,-0.0045652552507817745,-0.005692000035196543,-0.06455772073534403,0.0034584521781653166,0.5633687376976013,191.43421936035156,169.56765747070312,171.10299682617188,10.600000381469727,10.0,0.4821080267429352,0.0
9.4,vehicle_2,2.663024663925171,3.0,-0.006866740994155407,-0.005692000035196543,0.06730769896949397,-0.011141462251543999,0.6132218837738037,176.5955810546875,169.649658203125,156.6929931640625,10.510000228881836,10.0,0.48710137605667114,0.0
9.600000000000001,vehicle_0,2.9698023796081543,3.0,-0.006073763128370047,-0.005692000035196543,0.021873414012701386,-0.003821263089776039,0.1509876698255539,208.3242950439453,169.46881103515625,188.10299682617188,0.0,10.0,0.4346676170825958,0.0
9.5,vehicle_1,3.310438871383667,3.0,-0.004584555048495531,-0.005692000035196543,-0.06345192378088955,0.019879968836903572,-0.266159325838089,193.52987670898438,169.55618286132812,173.60299682617188,10.100000381469727,10.0,0.0,0.053231868892908096
9.5,vehicle_2,3.2380595207214355,3.0,-0.0075669302605092525,-0.005692000035196543,0.10742558879193079,-0.013914709910750389,0.31235265731811523,178.3495330810547,169.63861083984375,158.1929931640625,10.510000228881836,10.0,0.4617457389831543,0.0
9.700000000000001,vehicle_0,2.6493794918060303,3.0,-0.006646307185292244,-0.005692000035196543,0.05467777205964126,-0.0025988584384322166,1.5,209.987060546875,169.4595489501953,189.60299682617188,0.0,10.0,0.575787365436554,0.0
9.600000000000001,vehicle_1,2.492090940475464,3.0,-0.004788228776305914,-0.005692000035196543,-0.05178227877965831,-0.007298153825104237,0.8086549639701843,195.2161407470703,169.54551696777344,175.10299682617188,10.460000038146973,10.0,0.5068908333778381,0.0
9.600000000000001,vehicle_2,2.3511383533477783,3.0,-0.006864496506750584,-0.005692000035196543,0.06717909931402732,-0.010890839621424675,0.5802801251411438,180.14512634277344,169.62950134277344,160.1929931640625,10.510000228881836,10.0,0.4815504550933838,0.0
9.8,vehicle_0,2.6419434547424316,3.0,-0.0069854045286774635,-0.005692000035196543,0.07410661867971276,-0.012089814990758896,1.5,211.99388122558594,169.44883728027344,191.96299743652344,0.0,10.0,0.5758662223815918,0.0
9.700000000000001,vehicle_1,2.778496742248535,3.0,-0.004396967589855194,-0.005692000035196543,-0.07419989345056574,4.176731454208493e-05,0.22927555441856384,196.9062042236328,169.5362091064453,176.60299682617188,10.460000038146973,10.0,0.4479430913925171,0.0
9.700000000000001,vehicle_2,2.780247926712036,3.0,-0.006465760990977287,-0.005692000035196543,0.04433323711824538,-0.004608076065778732,0.04228764399886131,181.86244201660156,169.61965942382812,161.6929931640625,10.510000228881836,10.0,0.36994776129722595,0.0
9.9,vehicle_0,2.677297830581665,3.0,-0.006435276009142399,-0.005692000035196543,0.04258657632057329,-0.004646848887205124,1.5,213.71432495117188,169.43911743164062,193.46299743652344,0.0,10.0,0.5754967331886292,0.0
9.8,vehicle_1,2.923046350479126,3.0,-0.0035765604116022587,-0.005692000035196543,-0.12120576224669596,0.001261544763110578,0.0613020583987236,198.78265380859375,169.5255889892578,178.60299682617188,10.460000038146973,10.0,0.4139314293861389,0.0
9.8,vehicle_2,3.1039419174194336,3.0,-0.00647444324567914,-0.005692000035196543,0.04483069366931916,-0.0062706018798053265,0.20971529185771942,183.899169921875,169.6088409423828,163.6929931640625,10.510000228881836,10.0,0.4501808285713196,0.0
10.0,vehicle_0,2.6766812801361084,3.0,-0.0065276892855763435,-0.005692000035196543,0.04788146703121411,-0.006273076869547367,1.5,215.69757080078125,169.42881774902344,195.46299743652344,0.0,10.0,0.5755030512809753,0.0
9.9,vehicle_1,2.9250175952911377,3.0,-0.003717889077961445,-0.005692000035196543,-0.11310822614010203,0.024127010256052017,-0.0297496747225523,200.60438537597656,169.5153350830078,180.60299682617188,10.460000038146973,10.0,0.0,0.0
9.9,vehicle_2,3.122293472290039,3.0,-0.006072351709008217,-0.005692000035196543,0.02179254564014549,-0.007694846484810114,-0.38589781522750854,185.86656188964844,169.59762573242188,165.6929931640625,10.510000228881836,10.0,0.0,0.07717955857515335
10.100000000000001,vehicle_0,2.8663980960845947,3.0,-0.006545359268784523,-0.005692000035196543,0.04889388249310983,-0.012220064178109169,0.6680088639259338,217.40606689453125,169.41831970214844,197.46299743652344,0.0,10.0,0.4936382472515106,0.0
10.0,vehicle_1,2.7364461421966553,3.0,-0.003574853530153632,-0.005692000035196543,-0.12130355934983143,0.0003783506399486214,0.5050401091575623,202.4017333984375,169.50462341308594,182.10299682617188,10.960000038146973,10.0,0.4762788414955139,0.0
10.0,vehicle_2,2.2875683307647705,3.0,-0.006295287981629372,-0.005692000035196543,0.034565853161715586,-0.005038050469011068,0.9553172588348389,187.3533172607422,169.58921813964844,167.1929931640625,10.510000228881836,10.0,0.5224259495735168,0.0
10.200000000000001,vehicle_0,2.8664486408233643,3.0,-0.006174713838845491,-0.005692000035196543,0.027657463661791476,-0.011813478544354439,0.6677556037902832,219.38912963867188,169.40777587890625,199.46299743652344,0.0,10.0,0.4936128258705139,0.0
10.100000000000001,vehicle_1,3.2344353199005127,3.0,-0.004129091743379831,-0.005692000035196543,-0.08954804888709844,0.023066075518727303,-0.33823010325431824,204.2008514404297,169.49539184570312,184.10299682617188,10.460000038146973,10.0,0.0,0.06764602661132812
10.100000000000001,vehicle_2,2.9851510524749756,3.0,-0.006470975466072559,-0.005692000035196543,0.04463200453358055,-0.0041711581870913506,0.8744626641273499,188.92291259765625,169.57948303222656,168.6929931640625,11.010000228881836,10.0,0.5142883062362671,0.0
10.3,vehicle_0,3.075853109359741,3.0,-0.005760081112384796,-0.005692000035196543,0.0039007583875913057,-0.005350432358682156,-0.37926533818244934,221.07589721679688,169.39817810058594,200.96299743652344,0.0,10.0,0.0,0.07585306465625763
10.200000000000001,vehicle_1,2.603719711303711,3.0,-0.004129084292799234,-0.005692000035196543,-0.08954847577392157,-0.0008726044325158,0.914158821105957,205.90423583984375,169.4853515625,185.60299682617188,10.960000038146973,10.0,0.5176911354064941,0.0
10.200000000000001,vehicle_2,2.5464632511138916,3.0,-0.005557785741984844,-0.005692000035196543,-0.0076899125513616605,-0.005029897205531597,0.311788409948349,191.0631561279297,169.5688018798828,171.10299682617188,10.100000381469727,10.0,0.4542074501514435,0.0
